id;echeance;date_creation;statut;id_panier_id;id_coursier_id
1;Dollar Peru Innovative;2023-04-08;Rupee background;1;1
2;embrace;2023-04-08;Re-contextualized;2;2
3;Sausages;2023-04-08;Facilitator transition;3;3
4;Executive;2023-04-08;Zloty Iraq;4;4
5;compressing;2023-04-08;Refined users;5;5
6;Harbors Toys;2023-04-08;Bedfordshire override EXE;6;6
7;Steel Concrete Table;2023-04-08;ROI;7;7
8;Gorgeous bandwidth;2023-04-07;neural Soap Account;8;8
9;Kids;2023-04-08;invoice withdrawal;9;9
10;Bhutan Optimized payment;2023-04-08;neural-net Avon Car;10;10
